STT,Ten Iphone,Gia Thegioididong,Gia FPT,Gia ViettleStore
0,iPhone 11 64GB,11.790.000₫,11.499.000 ₫,10.990.000 ₫
1,iPhone 13 Pro Max 128GB,28.290.000₫,27.990.000 ₫,27.490.000 ₫
2,iPhone 14 Pro Max 128GB,33.990.000₫,,32.990.000 ₫
3,iPhone 14 Pro 128GB,30.490.000₫,29.990.000 ₫,29.990.000 ₫
4,iPhone 14 Plus 128GB,26.990.000₫,26.990.000 ₫,25.990.000 ₫
5,iPhone 13 Pro 128GB,25.490.000₫,24.990.000 ₫,24.490.000 ₫
6,iPhone 14 128GB,23.990.000₫,23.990.000 ₫,22.990.000 ₫
7,iPhone 13 128GB,19.790.000₫,19.490.000 ₫,18.990.000 ₫
8,iPhone 13 mini 128GB,17.290.000₫,16.990.000 ₫,17.990.000 ₫
9,iPhone 12 64GB,16.490.000₫,16.499.000 ₫,16.490.000 ₫
10,iPhone 12 mini 256GB,14.990.000₫,,
11,iPhone SE 64GB (2022),11.490.000₫,,
12,iPhone SE 2022 64GB,,11.290.000 ₫,
13,iPhone 13 Pro Max 256GB,,,29.990.000 ₫
14,iPhone 13 Pro Max 1TB,,,41.990.000 ₫
15,iPhone 13 Pro 256GB,,,28.990.000 ₫
16,iPhone 14 Plus 256GB,,,28.990.000 ₫
17,iPhone 14 Plus 512GB,,,34.990.000 ₫
18,iPhone 14 Pro 1TB,,,44.990.000 ₫
19,iPhone 14 Pro 256GB,,,32.990.000 ₫
20,iPhone 14 512GB,,,31.990.000 ₫
21,iPhone 14 Pro Max 512GB,,,41.990.000 ₫
22,iPhone 14 Pro Max 256GB,,,35.990.000 ₫
23,iPhone 14 Pro 512GB,,,38.990.000 ₫
24,iPhone 14 256GB,,,25.990.000 ₫
25,iPhone 14 Pro Max 1TB,,,47.990.000 ₫
26,iPhone 11 128GB,,,12.490.000 ₫
27,iPhone 13 Pro 1TB,,,39.290.000 ₫
